Tên sản phẩm,Giá sản phẩm,Loại màn hình,Chip,Tính năng khác,Pin,Bluetooth,Hỗ trợ sim,Link,Thê loại sản phẩm,Cửa hàng
Apple Watch SE GPS 44mm Vỏ nhôm Dây cao su Hồng,9.490.000 VNĐ,,,,,,,https://www.nguyenkim.com/apple-watch-se-gps-44mm-vo-nhom-day-cao-su-hong.html,APPLE WATCH,NGUYEN KIM
Apple Watch SE GPS 44mm Vỏ nhôm Dây cao su Trắng,9.490.000 VNĐ,,,,,,,https://www.nguyenkim.com/apple-watch-se-gps-44mm-vo-nhom-day-cao-su-trang.html,APPLE WATCH,NGUYEN KIM
Apple Watch S6 GPS 40mm Vỏ nhôm Dây cao su Trắng,11.990.000 VNĐ,,,,,,,https://www.nguyenkim.com/apple-watch-s6-gps-40mm-vo-nhom-day-cao-su-trang.html,APPLE WATCH,NGUYEN KIM
Apple Watch Series-5 GPS 40mm Space Grey - Black Sport Band,10.700.000 VNĐ,,,,,,,https://www.nguyenkim.com/apple-watch-ser-5-gps-40mm-space-grey-black-sport-band-vi.html,APPLE WATCH,NGUYEN KIM
Apple Watch S6 GPS 40mm vỏ nhôm dây cao su Xanh,11.990.000 VNĐ,,,,,,,https://www.nguyenkim.com/apple-watch-s6-gps-40mm-vo-nhom-day-cao-su-xanh-vi.html,APPLE WATCH,NGUYEN KIM
Apple Watch S6 GPS 40mm vỏ nhôm dây cao su Đen,11.990.000 VNĐ,,,,,,,https://www.nguyenkim.com/apple-watch-s6-gps-40mm-vo-nhom-day-cao-su-den-vi.html,APPLE WATCH,NGUYEN KIM
Apple Watch S6 GPS 44mm vỏ nhôm dây cao su Xanh,12.990.000 VNĐ,,,,,,,https://www.nguyenkim.com/apple-watch-s6-gps-44mm-vo-nhom-day-cao-su-xanh.html,APPLE WATCH,NGUYEN KIM
Apple Watch SE GPS 44mm Vỏ nhôm Dây cao su Đen,9.490.000 VNĐ,,,,,,,https://www.nguyenkim.com/apple-watch-se-gps-44mm-vo-nhom-day-cao-su-den.html,APPLE WATCH,NGUYEN KIM
Apple Watch S6 GPS 44mm vỏ nhôm dây cao su Hồng,12.990.000 VNĐ,,,,,,,https://www.nguyenkim.com/apple-watch-s6-gps-44mm-vo-nhom-day-cao-su-hong.html,APPLE WATCH,NGUYEN KIM
"Apple Watch S5 GPS 44mm viền nhôm, dây cao su",10.990.000 VNĐ,,,,,,,https://www.nguyenkim.com/apple-watch-s5-gps-44mm-vien-nhom-day-cao-su.html,APPLE WATCH,NGUYEN KIM
Apple Watch Series-5 GPS 40mm Gold - Pink Sand Sport Band,10.700.000 VNĐ,,,,,,,https://www.nguyenkim.com/apple-watch-ser-5-gps-40mm-gold-pink-sand-sport-band-vi.html,APPLE WATCH,NGUYEN KIM
Apple Watch S6 GPS 40mm vỏ nhôm dây cao su Hồng,11.990.000 VNĐ,,,,,,,https://www.nguyenkim.com/apple-watch-s6-gps-40mm-vo-nhom-day-cao-su-hong.html,APPLE WATCH,NGUYEN KIM
"Apple Watch Series 3 42mm viền nhôm xám, dây cao su đen",6.390.000 VNĐ,,,,,,,https://www.nguyenkim.com/apple-watch-series-3-42mm-vien-nhom-xam-day-cao-su-den.html,APPLE WATCH,NGUYEN KIM
"Apple Watch S3 GPS 38mm viền nhôm, dây cao su",5.390.000 VNĐ,,,,,,,https://www.nguyenkim.com/apple-watch-s3-gps-38mm-vien-nhom-day-cao-su.html,APPLE WATCH,NGUYEN KIM
Apple Watch SE LTE 44mm Vỏ nhôm Dây cao su Trắng,10.990.000 VNĐ,,,,,,,https://www.nguyenkim.com/apple-watch-se-lte-44mm-vo-nhom-day-cao-su-trang.html,APPLE WATCH,NGUYEN KIM
Apple Watch SE LTE 44mm Vỏ nhôm Dây cao su Hồng,10.990.000 VNĐ,,,,,,,https://www.nguyenkim.com/apple-watch-se-lte-44mm-vo-nhom-day-cao-su-hong.html,APPLE WATCH,NGUYEN KIM
Apple Watch S6 GPS 44mm Vỏ nhôm Dây cao su Đỏ,12.990.000 VNĐ,,,,,,,https://www.nguyenkim.com/apple-watch-s6-gps-44mm-vo-nhom-day-cao-su-do.html,APPLE WATCH,NGUYEN KIM
"Apple Watch Series 3 42mm viền nhôm bạc, dây cao su trắng",6.390.000 VNĐ,,,,,,,https://www.nguyenkim.com/apple-watch-series-3-42mm-vien-nhom-bac-day-cao-su-trang.html,APPLE WATCH,NGUYEN KIM
Apple Watch S6 GPS 40mm vỏ nhôm dây cao su Đỏ,11.990.000 VNĐ,,,,,,,https://www.nguyenkim.com/apple-watch-s6-gps-40mm-vo-nhom-day-cao-su-do-vi.html,APPLE WATCH,NGUYEN KIM
Apple Watch S6 GPS 44mm vỏ nhôm dây cao su Trắng,12.990.000 VNĐ,,,,,,,https://www.nguyenkim.com/apple-watch-s6-gps-44mm-vo-nhom-day-cao-su-trang.html,APPLE WATCH,NGUYEN KIM
Apple Watch SE LTE 44mm Vỏ nhôm Dây cao su Đen,10.990.000 VNĐ,,,,,,,https://www.nguyenkim.com/apple-watch-se-lte-44mm-vo-nhom-day-cao-su-den.html,APPLE WATCH,NGUYEN KIM
"Apple Watch S3 GPS 38mm viền nhôm, dây cao su",5.390.000 VNĐ,,,,,,,https://www.nguyenkim.com/apple-watch-s3-gps-38mm-vien-nhom-day-cao-su-vi.html,APPLE WATCH,NGUYEN KIM
"Apple Watch S5 GPS 44mm viền nhôm bạc, dây cao su trắng",10.990.000 VNĐ,,,,,,,https://www.nguyenkim.com/apple-watch-s5-gps-44mm-vien-nhom-bac-day-cao-su-trang.html,APPLE WATCH,NGUYEN KIM
Apple Watch S6 LTE 44mm Vỏ nhôm Dây cao su Hồng,14.391.000 VNĐ,,,,,,,https://www.nguyenkim.com/apple-watch-s6-lte-44mm-vo-nhom-day-cao-su-hong.html,APPLE WATCH,NGUYEN KIM
Apple Watch S6 LTE 44mm Vỏ nhôm Dây cao su Hồng,14.391.000 VNĐ,,,,,,,https://www.nguyenkim.com/apple-watch-s6-lte-44mm-vo-nhom-day-cao-su-hong.html,APPLE WATCH,NGUYEN KIM
Apple Watch S6 GPS 40mm vỏ nhôm dây cao su Xanh,11.990.000 VNĐ,,,,,,,https://www.nguyenkim.com/apple-watch-s6-gps-40mm-vo-nhom-day-cao-su-xanh.html,APPLE WATCH,NGUYEN KIM
Apple Watch SE LTE 44mm Vỏ nhôm Dây vải Xanh navy,10.990.000 VNĐ,,,,,,,https://www.nguyenkim.com/apple-watch-se-lte-44mm-vo-nhom-day-vai-xanh-navy.html,APPLE WATCH,NGUYEN KIM
Apple Watch SE LTE 44mm Vỏ nhôm Dây vải Plum,10.990.000 VNĐ,,,,,,,https://www.nguyenkim.com/apple-watch-se-lte-44mm-vo-nhom-day-vai-plum.html,APPLE WATCH,NGUYEN KIM
Apple Watch S6 LTE 40mm vỏ nhôm dây cao su Xanh,14.990.000 VNĐ,,,,,,,https://www.nguyenkim.com/apple-watch-s6-lte-40mm-vo-nhom-day-cao-su-xanh.html,APPLE WATCH,NGUYEN KIM
Apple Watch S6 LTE 40mm vỏ nhôm dây cao su Đen,14.990.000 VNĐ,,,,,,,https://www.nguyenkim.com/apple-watch-s6-lte-40mm-vo-nhom-day-cao-su-den.html,APPLE WATCH,NGUYEN KIM
Apple Watch Series 5 GPS 44mm Silver - White Sport Band,10.990.000 VNĐ,,,,,,,https://www.nguyenkim.com/apple-watch-series-5-gps-44mm-silver-white-sport-band.html,APPLE WATCH,NGUYEN KIM
Apple Watch Series 5 GPS 44mm Gold - Pink Sand Sport Band,10.990.000 VNĐ,,,,,,,https://www.nguyenkim.com/apple-watch-series-5-gps-44mm-gold-pink-sand-sport-band.html,APPLE WATCH,NGUYEN KIM
Apple Watch SE GPS 40mm Vỏ nhôm Dây cao su Hồng,8.490.000 VNĐ,,,,,,,https://www.nguyenkim.com/apple-watch-se-gps-40mm-vo-nhom-day-cao-su-hong.html,APPLE WATCH,NGUYEN KIM
Apple Watch S5 44 BSS MILP CEL MWWL2VN/A,19.790.000 VNĐ,,,,,,,https://www.nguyenkim.com/apple-watch-s5-44-bss-milp-cel-mwwl2vn-a.html,APPLE WATCH,NGUYEN KIM
Apple Watch S6 LTE 44mm vỏ nhôm dây cao su Xanh,15.990.000 VNĐ,,,,,,,https://www.nguyenkim.com/apple-watch-s6-lte-44mm-vo-nhom-day-cao-su-xanh.html,APPLE WATCH,NGUYEN KIM
Apple Watch S6 LTE 40mm vỏ nhôm dây cao su Trắng,14.990.000 VNĐ,,,,,,,https://www.nguyenkim.com/apple-watch-s6-lte-40mm-vo-nhom-day-cao-su-trang.html,APPLE WATCH,NGUYEN KIM
