Tên sản phẩm,Giá sản phẩm,Link
"Cáp chuyển Apple USB-C to HDMI, USB, USB-C Like New",1.300.000 VNĐ,https://macone.vn/cap-chuyen-apple-usb-c-to-hdmi-usb-usb-c-like-new/
Bàn phím Smart Keyboard Folio for iPad Pro 12.9 inch – NEW,5.490.000 VNĐ,https://macone.vn/ban-phim-smart-keyboard-folio-for-ipad-pro-12-9-inch-new/
Bàn phím Smart Keyboard Folio for iPad Air 4 & iPad Pro 11 inch – NEW,4.990.000 VNĐ,https://macone.vn/ban-phim-smart-keyboard-folio-for-ipad-air-4-ipad-pro-11-inch-new/
Bàn phím Magic Keyboard for iPad Pro 12.9 inch – NEW,9.290.000 VNĐ,https://macone.vn/ban-phim-magic-keyboard-for-ipad-pro-12-9-inch-new/
Bàn phím Smart Keyboard for iPad Air 3 & iPad 10.2 inch – NEW,4.390.000 VNĐ,https://macone.vn/ban-phim-smart-keyboard-for-ipad-air-3-ipad-10-2-inch-new/
Bàn phím Magic Keyboard for iPad Air 4 & iPad Pro 11 inch – NEW,7.690.000 VNĐ,https://macone.vn/ban-phim-magic-keyboard-for-ipad-air-4-ipad-pro-11-inch-new/
Apple Pencil 2 – NEW,3.590.000 VNĐ,https://macone.vn/apple-pencil-2-new/
Apple Magic Trackpad 2 Grey – NEW,3.890.000 VNĐ,https://macone.vn/apple-magic-trackpad-2-grey-new/
"Cáp chuyển Apple USB-C to HDMI, USB, USB-C",1.600.000 VNĐ,https://macone.vn/cap-chuyen-apple-usb-c-to-hdmi-usb-usb-c/
Apple Magic Trackpad 2 Silver – NEW,3.400.000 VNĐ,https://macone.vn/apple-magic-trackpad-2-silver/
Củ sạc Apple 30w USB-C – Like new,899.000 VNĐ,https://macone.vn/cu-sac-apple-30w-usb-c-like-new/
Apple Pencil 1 – NEW,2.690.000 VNĐ,https://macone.vn/apple-pencil-1-new/
Tai nghe Airpods Pro chính hãng VN/A – NEW,5.290.000 VNĐ,https://macone.vn/tai-nghe-airpods-pro-chinh-hang-vn-a-new/
Tai nghe AirPods 2 MV7N2 chính hãng VN/A (Sạc dây) – NEW,3.590.000 VNĐ,https://macone.vn/tai-nghe-airpods-2-mv7n2-chinh-hang-vn-a-sac-day-new/
Tai nghe AirPods 2 MRXJ2  chính hãng VN/A (Sạc không dây) – NEW,4.150.000 VNĐ,https://macone.vn/tai-nghe-airpods-2-mrxj2-chinh-hang-vn-a-sac-khong-day-new/
Apple Care – MacBook Air & MacBook Pro 13 inch,5.490.000 VNĐ,https://macone.vn/apple-care-macbook-air-macbook-pro-13-inch/
Apple Care – MacBook Pro 16 inch,7.590.000 VNĐ,https://macone.vn/apple-care-macbook-pro-16-inch/
Apple Care – iMac,2.990.000 VNĐ,https://macone.vn/apple-care-imac/
Apple Care – Mac Mini,2.190.000 VNĐ,https://macone.vn/apple-care-mac-mini/
Apple Care – Mac Pro,7.190.000 VNĐ,https://macone.vn/apple-care-mac-pro/
Apple Care – iPad,1.990.000 VNĐ,https://macone.vn/apple-care-ipad/
Apple Magic Mouse 2 Grey – NEW (đã gồm vat),2.690.000 VNĐ,https://macone.vn/apple-magic-mouse-2-grey-new/
Apple Magic Mouse 2 Silver – NEW (đã gồm vat),2.090.000 VNĐ,https://macone.vn/apple-magic-mouse-2-new/
Apple Magic Keyboard 2 Silver – NEW,2.800.000 VNĐ,https://macone.vn/apple-magic-keyboard-2-new/
Apple USB-C To Thunderbolt 2 Adapter – New (đã gồm vat),1.499.000 VNĐ,https://macone.vn/apple-thunderbolt-3-usb-c-to-thunderbolt-2-adapter-new/
Apple Thunderbolt Cable (0.5 M)-Zml – New (đã gồm vat),999.000 VNĐ,https://macone.vn/apple-thunderbolt-cable-0-5-m-zml-new/
"Apple Thunderbolt Cable (2.0 M, Blk)-Zml – New (đã gồm vat)",1.399.000 VNĐ,https://macone.vn/apple-thunderbolt-cable-2-0-m-blk-zml-new/
Apple USB-C Charge Cable – New (đã gồm vat),680.000 VNĐ,https://macone.vn/apple-usb-c-charge-cable-new/
Apple Adapter USB-C to LAN – New (đã gồm vat),899.000 VNĐ,https://macone.vn/apple-adapter-usb-c-to-lan-new/
Apple Adapter USB-C to USB + VGA + CHARGE – New (đã gồm vat),2.199.000 VNĐ,https://macone.vn/apple-adapter-usb-c-to-usb-hdmi-charge-new-2/
Apple Adapter USB-C to USB + HDMI + CHARGE – New (đã gồm vat),2.199.000 VNĐ,https://macone.vn/apple-adapter-usb-c-to-usb-hdmi-charge-new/
Apple Adapter USB-C to USB – New (đã gồm vat),599.000 VNĐ,https://macone.vn/apple-adapter-usb-c-to-usb-new/
Củ sạc 29w USB-C Apple – Like new,899.000 VNĐ,https://macone.vn/cu-sac-29w-usb-c-apple-like-new/
Củ sạc 29w USB-C Apple – New,1.799.000 VNĐ,https://macone.vn/cu-sac-29w-usb-c-apple-new/
Apple USB-C Charge cable (2m) – Mới,680.000 VNĐ,https://macone.vn/apple-usb-c-charge-cable-2m-moi/
Củ 61w USB-C Apple – Like new,999.000 VNĐ,https://macone.vn/bo-sac-61w-usb-c-apple-like-new/
Củ sạc 61w USB-C Apple – New,2.099.000 VNĐ,https://macone.vn/cu-sac-61w-usb-c-apple-new/
Apple USB-C Charge cable – Like New,480.000 VNĐ,https://macone.vn/apple-usb-c-charge-cable-like-new/
Củ Sạc 87w USB-C Apple – Like new,1.099.000 VNĐ,https://macone.vn/cu-sac-87w-usb-c-apple-like-new/
Củ sạc 87w USB-C Apple – New,2.399.000 VNĐ,https://macone.vn/cu-sac-87w-usb-c-apple-new-2/
Sạc 45w MagSafe 2 Apple – Like new,950.000 VNĐ,https://macone.vn/sac-45w-magsafe-2-apple-like-new/
Sạc 45w MagSafe 2 Apple – New,2.299.000 VNĐ,https://macone.vn/sac-45w-magsafe-2-apple-new-2/
Sạc 45w MagSafe 2,Liên hVNĐ,https://macone.vn/sac-45w-magsafe-2-apple-new-2-2/
Sạc 60w MagSafe 2 Apple – Like new,950.000 VNĐ,https://macone.vn/sac-60w-magsafe-2-apple-like-new/
Sạc 60w MagSafe 2 Apple – New,2.299.000 VNĐ,https://macone.vn/sac-60w-magsafe-2-apple-new-2/
Sạc 60w MagSafe 2,Liên hVNĐ,https://macone.vn/sac-60w-magsafe-2-apple-new-2-2/
Sạc 85w MagSafe 2 Apple – Like new,1.099.000 VNĐ,https://macone.vn/sac-85w-magsafe-2-apple-like-new/
Sạc 85w MagSafe 2 Apple – New,2.299.000 VNĐ,https://macone.vn/sac-85w-magsafe-2-apple-new-2/
